"","names","years","G","AB","R","H","X2B","HR","RBI","BB","BA","PA","TB","SlugPct","OBP","OPS","m1","m2","m3","m4"
"158","Bobby Abreu","18","2425","8480","1453","2470","574","288","1363","1476","0.291","10081","4026","0.475","0.395","0.87","0.409717526827817","0.403456919009657","0.415242201147494","0.403912603466962"
"261","Carlos Beltran","20","2586","9768","1582","2725","565","435","1587","1084","0.279","11031","4751","0.486","0.35","0.836","0.439352668472939","0.499553595882164","0.448034498804433","0.499920308588447"
"1","HOF Average","18.0063694267516","2161.28662420382","8007.65605095541","1338.36942675159","2419.28025477707","416.859872611465","224.101910828025","1231.64968152866","913.146496815287","0.302292993630573","9109.53503184713","3719.9872611465","0.464114649681529","0.375974522292994","0.840089171974522","0.516974021766447","0.514887852484819","0.519773636805778","0.515027152536856"
