"","names","years","G","AB","R","H","X2B","HR","RBI","BB","BA","PA","TB","SlugPct","OBP","OPS","m1","m2","m3","m4"
"28","Orlando Cepeda","17","2124","7927","1131","2351","417","379","1365","588","0.297","8695","3959","0.499","0.35","0.849","0.330919558117503","0.285080857644837","0.332543073140451","0.285070194444783"
"124","Ron Santo","15","2243","8143","1138","2254","365","342","1331","1108","0.277","9396","3779","0.464","0.362","0.826","0.189886337903586","0.224740069146195","0.186972398396973","0.224677023660941"
"1","HOF Average","18.0063694267516","2161.28662420382","8007.65605095541","1338.36942675159","2419.28025477707","416.859872611465","224.101910828025","1231.64968152866","913.146496815287","0.302292993630573","9109.53503184713","3719.9872611465","0.464114649681529","0.375974522292994","0.840089171974522","0.516974021766447","0.514887852484819","0.519773636805778","0.515027152536856"
