"","names","years","G","AB","R","H","X2B","HR","RBI","BB","BA","PA","TB","SlugPct","OBP","OPS","m1","m2","m3","m4"
"84","Ralph Kiner","10","1472","5205","971","1451","216","369","1015","1011","0.279","6256","2852","0.548","0.398","0.946","0.0843494619875337","0.0548908967574165","0.0769728711515868","0.0546620913447011"
"110","Kirby Puckett","12","1783","7244","1071","2304","414","207","1085","450","0.318","7831","3453","0.477","0.36","0.837","0.251250047573006","0.204910702701435","0.254488066031366","0.204959219536151"
"1","HOF Average","18.0063694267516","2161.28662420382","8007.65605095541","1338.36942675159","2419.28025477707","416.859872611465","224.101910828025","1231.64968152866","913.146496815287","0.302292993630573","9109.53503184713","3719.9872611465","0.464114649681529","0.375974522292994","0.840089171974522","0.516974021766447","0.514887852484819","0.519773636805778","0.515027152536856"
