"","names","years","G","AB","R","H","X2B","HR","RBI","BB","BA","PA","TB","SlugPct","OBP","OPS","m1","m2","m3","m4"
"725","Julio Franco","23","2527","8677","1285","2586","407","173","1194","917","0.298","9731","3620","0.417","0.365","0.782","0.587704189953962","0.625408749525552","0.595344271332369","0.62589048483981"
"1307","Fred McGriff","19","2460","8757","1349","2490","441","493","1550","1305","0.284","10174","4458","0.509","0.377","0.886","0.516569687578304","0.485266581583715","0.521355572113211","0.48565060611264"
"1475","Al Oliver","18","2368","9049","1189","2743","529","219","1326","535","0.303","9778","4083","0.451","0.344","0.795","0.408487828460379","0.342221498304074","0.417870416462871","0.34259939240471"
"1509","Dave Parker","19","2466","9358","1272","2712","526","339","1493","683","0.29","10184","4405","0.471","0.339","0.81","0.387226183135609","0.357867368071583","0.394361249176149","0.358149804923637"
"1810","Rusty Staub","23","2951","9720","1189","2716","499","292","1466","1255","0.279","11229","4185","0.431","0.362","0.793","0.415353835416486","0.444945196457015","0.418404814470447","0.44532938066865"
"1","HOF Average","18.0063694267516","2161.28662420382","8007.65605095541","1338.36942675159","2419.28025477707","416.859872611465","224.101910828025","1231.64968152866","913.146496815287","0.302292993630573","9109.53503184713","3719.9872611465","0.464114649681529","0.375974522292994","0.840089171974522","0.516974021766447","0.514887852484819","0.519773636805778","0.515027152536856"
