"","names","years","G","AB","R","H","X2B","HR","RBI","BB","BA","PA","TB","SlugPct","OBP","OPS","m1","m2","m3","m4"
"1253","Edgar Martinez","18","2055","7213","1219","2247","514","309","1261","1283","0.312","8672","3718","0.515","0.418","0.933","0.526800066633471","0.53763602494012","0.531394014187146","0.53799395043422"
"1488","David Ortiz","20","2408","8640","1419","2472","632","541","1768","1319","0.286","10091","4765","0.552","0.38","0.932","0.560520295113317","0.51482701360945","0.566205998548484","0.515076925214511"
"1","HOF Average","18.0063694267516","2161.28662420382","8007.65605095541","1338.36942675159","2419.28025477707","416.859872611465","224.101910828025","1231.64968152866","913.146496815287","0.302292993630573","9109.53503184713","3719.9872611465","0.464114649681529","0.375974522292994","0.840089171974522","0.516974021766447","0.514887852484819","0.519773636805778","0.515027152536856"
