"","names","years","G","AB","R","H","X2B","HR","RBI","BB","BA","PA","TB","SlugPct","OBP","OPS","m1","m2","m3","m4"
"395","Miguel Cabrera","17","2400","8949","1429","2815","577","477","1694","1135","0.315","10236","4857","0.543","0.392","0.935","0.788829602315772","0.79919058779063","0.801586968535598","0.7997806218277"
"1583","Albert Pujols","19","2823","10687","1828","3202","661","656","2075","1322","0.3","12231","5863","0.549","0.379","0.928","0.871139226806036","0.865651611048558","0.882453844298133","0.866218697314741"
"1","HOF Average","18.0063694267516","2161.28662420382","8007.65605095541","1338.36942675159","2419.28025477707","416.859872611465","224.101910828025","1231.64968152866","913.146496815287","0.302292993630573","9109.53503184713","3719.9872611465","0.464114649681529","0.375974522292994","0.840089171974522","0.516974021766447","0.514887852484819","0.519773636805778","0.515027152536856"
