"","names","years","G","AB","R","H","X2B","HR","RBI","BB","BA","PA","TB","SlugPct","OBP","OPS","m1","m2","m3","m4"
"260","Adrian Beltre","21","2933","11068","1524","3166","636","477","1707","848","0.286","12130","5309","0.48","0.339","0.819","0.549093816379425","0.507004347240757","0.564660980712195","0.50771938819563"
"261","Carlos Beltran","20","2586","9768","1582","2725","565","435","1587","1084","0.279","11031","4751","0.486","0.35","0.836","0.439352668472939","0.499553595882164","0.448034498804433","0.499920308588447"
"1852","Ichiro Suzuki","19","2653","9934","1420","3089","362","117","780","647","0.311","10734","3994","0.402","0.355","0.757","0.572913954927641","0.479889196928371","0.589381505571114","0.480783647770549"
"1","HOF Average","18.0063694267516","2161.28662420382","8007.65605095541","1338.36942675159","2419.28025477707","416.859872611465","224.101910828025","1231.64968152866","913.146496815287","0.302292993630573","9109.53503184713","3719.9872611465","0.464114649681529","0.375974522292994","0.840089171974522","0.516974021766447","0.514887852484819","0.519773636805778","0.515027152536856"
